<?xml version='1.0' encoding='UTF-8'?>
<system creation-date="2023-04-25 14:47:51.490000" desc="" enable="False" id="82AB3C60-C12B-4892-A24D-6A877B8563D1" last-modified-date="" name="Controller1"><applications><application name="RobotWare" version="6.15.2027"><settings><system-xml path="C:\Users\sesha\OneDrive\Documents\RobotStudio\Projects\Material_Handling_Number_59\Virtual Controllers\Controller1\system.xml" /><key-id path="C:\Users\sesha\OneDrive\Documents\RobotStudio\Projects\Material_Handling_Number_59\Virtual Controllers\Controller1\INTERNAL\key.id" /><setting-file path="C:\Users\sesha\OneDrive\Documents\RobotStudio\Projects\Material_Handling_Number_59\Virtual Controllers\Controller1\INTERNAL\controller.rsf" /></settings></application></applications></system>